Residencial,Alice Barbosa, NORTE,"-16.59556161345997, -49.26951375329482"
Residencial,Antonio Barbosa, NORTE,"-16.590297590661436, -49.26761732333995"
Residencial,Antonio Carlos Pires, NORTE,"-16.54352813261236, -49.26930435841488"
Setor,Asa Branca, NORTE,"-16.608753799478322, -49.20941552370306"
Vila,Atalaia, NORTE,"-16.588667737951425, -49.25158979488678"
Sitios de recreio,Caraíbas, NORTE,"-16.562451963648172, -49.27987490624958"
Residencial,Felicidade, NORTE,"-16.6071046361371, -49.224650421765034"
Setor,Gentil Meireles, NORTE,"-16.648424005534835, -49.28561212544411"
Setor,Goiânia 2, NORTE,"-16.627316783663808, -49.250409660109284"
,Granja Cruzeiro do Sul, NORTE,"-16.638576725484295, -49.28232919986705"
Residencial,Guarema, NORTE,"-16.637372692732924, -49.28597158636124"
Residencial,Hugo de Moraes, NORTE,"-16.634868712158237, -49.292306110813435"
Residencial,Humaita, NORTE,"-16.623446344620728, -49.27681344356398"
Residencial Privê,Itanhangã, NORTE,"-16.573278821485264, -49.27540957315869"
Vila,Vila Itatiaia, NORTE,"-16.603141002978465, -49.254276252729504"
Residencial,Itamaracá, NORTE,"-16.647646293811068, -49.30063025802252"
Setor,Setor Jaó, NORTE,"-16.644418408832898, -49.22934017440645"
,Jardim Balneario Meia Ponte, NORTE,"-16.615885521915686, -49.29811247103396"
,Jardim Bom Jesus, NORTE,"-16.61583018986681, -49.26980249431521"
,Jardim Diamantina, NORTE,"-16.63378399972179, -49.275849024996425"
,Jardim Gramado, NORTE,"-16.63493642917518, -49.30043358283791"
,Jardim Guanabara, NORTE,"-16.620369578111337, -49.21779895877634"
,Jardim Guanabara I, NORTE,"-16.620173194376886, -49.217359131062764"
,Jardim Guanabara II, NORTE,"-16.612665309935245, -49.214641534571214"
,Jardim Guanabara III, NORTE,"-16.611093950237215, -49.21957359590023"
,Jardim Guanabara IV, NORTE,"-16.608464399047623, -49.20706505624402"
,Conjunto Parque dos Eucaliptos, NORTE,"-16.609413821042107, -49.209743649891074"
,Jardim Ipê, NORTE,"-16.62388769301036, -49.27466825340375"
,Vila Jardim Pompeia, NORTE,"-16.61080037823938, -49.2436416868234"
,Jardim Santa Cecilia, NORTE,"-16.769287316732797, -49.25635413293673"
Residencial,Joao Paulo II, NORTE,"-16.60351344813861, -49.21441685603326"
Residencial,Jose Viandeli, NORTE,"-16.620314750796755, -49.28204325597738"
Residencial,Licardino Ney, NORTE,"-16.614890047532178, -49.28728881848475"
Sitios de recreio,Mansoes do Campus, NORTE,"-16.571268947050424, -49.29558256548822"
Loteamento,Mansoes Goianas, NORTE,"-16.62524892704734, -49.27816096123659"
Chácaras,Maria Dilce, NORTE,"-16.622557529662952, -49.30698124135792"
Residencial,Maria Lourença, NORTE,"-16.624515925691025, -49.295827608274145"
Setor,Maria Rosa, NORTE,"-16.616849767903382, -49.2288880488799"
Residencial,Morada do Bosque, NORTE,"-16.594603792328286, -49.260111422180735"
Residencial,Morada do Ipe, NORTE,"-16.590702524511077, -49.262261399449294"
Residencial,Morumbi, NORTE,"-16.646729178971437, -49.27815716648027"
Loteamento,Morada dos Sonhos, NORTE,"-16.599374335951445, -49.25225973520025"
,Sitio de Recreio Paraiso Tropical, NORTE,"-16.518564609323374, -49.25501901550144"
Residencial,Nossa Morada, NORTE,"-16.584525947146556, -49.257978647730965"
Residencial,Orlando de Morais, NORTE,"-16.551426756458994, -49.27031280225145"
,Panorama Parque, NORTE,"-16.64241310018009, -49.27697585965426"
,Parque Balneario, NORTE,"-16.61566178564673, -49.284542981978724"
,Parque das Flores, NORTE,"-16.626676324422995, -49.29113739487433"
,Parque das Nações, NORTE,"-16.620881915597643, -49.28249231502379"
Condomínio,Parque dos Cisnes, NORTE,"-16.576811691434024, -49.2408799016129"
Setor,Perim, NORTE,"-16.650075753079356, -49.286967697171995"
Sitios de recreio,Pindorama, NORTE,"-16.73203790737923, -49.19876366176242"
Residencial,Portal da Mata, NORTE,"-16.465828296498202, -49.309430830415934"
Setor,Progresso, NORTE,"-16.647896533095807, -49.292961962504044"
,Residencial Balneario, NORTE,"-16.615828096787514, -49.291049818388714"
,Residencial das Acacias, NORTE,"-16.625204152461112, -49.298283893751695"
,Residencial dos Ipes, NORTE,"-16.595830444512984, -49.254910193472554"
,Residencial Guanabara, NORTE,"-16.610240544709864, -49.228180880412744"
,Residencial Italia, NORTE,"-16.62145235758606, -49.294928198952"
,Santa Genoveva, NORTE,"-16.63563673381632, -49.237185482371565"
Sitios de recreio,Sao Geraldo, NORTE,"-16.594274868107863, -49.26366868949665"
,Vila Jardim Sao Judas Tadeu, NORTE,"-16.61827272615489, -49.24779205171307"
Setor,Sevene, NORTE,"-16.636697969812726, -49.29126897034722"
,Shangri-la, NORTE,"-16.588308678448865, -49.26564015839865"
,Setor Urias Magalhaes, NORTE,"-16.6343782503277, -49.26326513575079"
,Vale da Serra, NORTE,"-16.605319027127358, -49.20943162436799"
,Residencial Bela Goiania, NORTE,"-16.586944636598467, -49.21190970527271"
,Residencial Elizene Santana, NORTE,"-16.594680591219106, -49.214908588517204"
,Residencial Vale dos Sonhos, NORTE,"-16.59723716914569, -49.207329694779325"
,Vila Clemente, NORTE,"-16.649840401025564, -49.29048988350978"
,Residencial Elza Fronza, NORTE,"-16.567342659959028, -49.282439635754685"
,Vila Cristina, NORTE,"-16.640494124255902, -49.2941703773355"
,Vila Industrial Pedro Abraao, NORTE,"-16.63951718152336, -49.304055614789405"
,Vila Militar, NORTE,"-16.622664714065348, -49.22591308160477"
,Vila Nossa Senhora Aparecida, NORTE,"-16.64388002115461, -49.27255691749373"
,Vila Roriz, NORTE,"-16.63882891556446, -49.26586012672444"
,Vila Santa Cruz, NORTE,"-16.611203005955037, -49.20976902991773"
,Chacaras de Recreio Samambaia, NORTE,"-16.58377355740215, -49.28644184248298"
,Estancia Vista Alegre, NORTE,"-16.587431502106796, -49.19512888072024"
,Village Atalaia, NORTE,"-16.59239604891475, -49.25841579773043"
,Setor Aeroporto, CENTRO OESTE,"-16.671628988664438, -49.26904250611904"
,Aeroviario, CENTRO OESTE,"-16.665142127139234, -49.3051602145475"
,Setor Campinas, CENTRO OESTE,"-16.660783341146267, -49.29273140601706"
,Castelo Branco, CENTRO OESTE,"-16.679227942503644, -49.29827230199405"
,Setor Central, CENTRO OESTE,"-16.666980587031425, -49.25213224629807"
,Setor Centro Oeste, CENTRO OESTE,"-16.653362528993984, -49.27378765397603"
,Cidade Jardim, CENTRO OESTE,"-16.686947948991357, -49.307692778885205"
,Setor Coimbra, CENTRO OESTE,"-16.678632822863186, -49.285895320832466"
,Setor Crimeia Leste, CENTRO OESTE,"-16.647292966126702, -49.26059280841461"
,Setor Crimeia Oeste, CENTRO OESTE,"-16.6497670203684, -49.266924805396165"
,Elisios Campos, CENTRO OESTE,"-16.66432076442126, -49.23337988977215"
,Esplanada do Anicuns, CENTRO OESTE,"-16.667159350621173, -49.315212524313075"
,Setor dos Funcionarios, CENTRO OESTE,"-16.67052598957352, -49.28031897562514"
,Guadalajara, CENTRO OESTE,"-16.681129126986946, -49.316096498163944"
,Industrial Mooca, CENTRO OESTE,"-16.67626687454507, -49.31891099209339"
,Jardim Xavier, CENTRO OESTE,"-16.66404563639339, -49.2818856681674"
,Setor Marechal Rondon, CENTRO OESTE,"-16.663320927135295, -49.267971486817196"
,Morada Nova, CENTRO OESTE,"-16.679754951227228, -49.315813309088114"
Vila,Morais, CENTRO OESTE,"-16.662525046672407, -49.22229864190686"
,Setor Negrao de Lima, CENTRO OESTE,"-16.65514831084825, -49.24274869873616"
,Nossa Senhora de Fatima, CENTRO OESTE,"-16.687546788963456, -49.318050876391915"
,Nova Vila, CENTRO OESTE,"-16.659111905360785, -49.25412787202745"
,Setor Norte Ferroviario, CENTRO OESTE,"-16.656894053961345, -49.26207429032963"
,Padre Pelagio, CENTRO OESTE,"-16.507394815868167, -49.43012946279764"
,Parque Industrial de Goiânia, CENTRO OESTE,"-16.659646844865517, -49.23232970141945"
,Rodoviario, CENTRO OESTE,"-16.672685551233116, -49.30053950795209"
,Romildo F. R. Amaral, CENTRO OESTE,"-16.686895659881646, -49.298760507117926"
,Setor Santos Dumont, CENTRO OESTE,"-16.65203284940902, -49.34687325946173"
,Setor Sao Jose, CENTRO OESTE,"-16.657652539880925, -49.30297491643568"
,Setor Sul, CENTRO OESTE,"-16.69025171111922, -49.253431127069945"
,Setor Leste Universitario, CENTRO OESTE,"-16.6783196258767, -49.24053548459867"
,Vila Abaja, CENTRO OESTE,"-16.664543003103592, -49.29216354840262"
,Vila Adelia, CENTRO OESTE,"-16.68828179743414, -49.32409651406565"
,Vila Aguiar, CENTRO OESTE,"-16.682055114748625, -49.29587593752686"
,Vila Aurora, CENTRO OESTE,"-16.679059262421195, -49.300296279267954"
,Vila Bethel, CENTRO OESTE,"-16.683668242237385, -49.29578869619331"
,Vila Boa Sorte, CENTRO OESTE,"-16.686794591447576, -49.29436362846021"
,Vila Canaa, CENTRO OESTE,"-16.689567887180115, -49.31444903522154"
,Vila Colemar Natal e Silva, CENTRO OESTE,"-16.666068249942622, -49.23755469744276"
,Vila Froes, CENTRO OESTE,"-16.648388290865803, -49.25707570170167"
,Vila Irany, CENTRO OESTE,"-16.65759456201494, -49.293115284219915"
,Vila Isaura, CENTRO OESTE,"-16.66170526764843, -49.2815905437486"
,Vila Jacare, CENTRO OESTE,"-16.65459945253932, -49.278439934666"
,Vila Jaragua, CENTRO OESTE,"-16.65337618140566, -49.255236433966246"
,Vila Megale, CENTRO OESTE,"-16.649701076337784, -49.26087484817462"
,Vila Monticelli, CENTRO OESTE,"-16.65044591956571, -49.25224430852781"
,Vila Mooca, CENTRO OESTE,"-16.678032686263535, -49.31752098465868"
,Setor Leste Vila Nova, CENTRO OESTE,"-16.663735866136747, -49.244326048234726"
,Vila Nova Canaa, CENTRO OESTE,"-16.68931695490228, -49.31521937089133"
,Vila Ofugi, CENTRO OESTE,"-16.65382793316814, -49.278482671444976"
,Vila Oswaldo Rosa, CENTRO OESTE,"-16.666320536229865, -49.23130604408136"
,Vila Paraiso, CENTRO OESTE,"-16.65750127307891, -49.27314996021585"
,Vila Perdiz, CENTRO OESTE,"-16.654266933589238, -49.277543182383745"
,Vila Santa Helena, CENTRO OESTE,"-16.655765114291682, -49.28267830668752"
,Vila Santa Isabel, CENTRO OESTE,"-16.669263607881586, -49.23071701306514"
,Vila Santa Rita, CENTRO OESTE,"-16.678248878388185, -49.319929157805106"
,Vila Santa Tereza, CENTRO OESTE,"-16.6798316038958, -49.29578465282479"
,Vila Santana, CENTRO OESTE,"-16.657699746961757, -49.28859850165556"
,Vila Sao Francisco, CENTRO OESTE,"-16.659013955792773, -49.27832384607404"
,Vila Sao Jose, CENTRO OESTE,"-16.657521969412457, -49.307998109608796"
,Vila Sao Luiz, CENTRO OESTE,"-16.65318437412734, -49.27165109204791"
,Vila Vera Cruz, CENTRO OESTE,"-16.653695825561414, -49.276109482665284"
,Vila Viana, CENTRO OESTE,"-16.658246943818423, -49.2374151299805"
,Vila Viandelli, CENTRO OESTE,"-16.620371278211042, -49.282418768484426"
,Vila Santo Afonso, CENTRO OESTE,"-16.673839589000515, -49.307864656348855"
,Residencial Itamaraca, CENTRO OESTE,"-16.64784201837989, -49.300760440055065"
Conjunto Residencial,Yara, CENTRO OESTE,"-16.64909401133196, -49.26767089660871"
,Bertim Belchior, CENTRO OESTE,"-16.70144421213381, -49.41227942981102"
,Bertim Belchior II, CENTRO OESTE,"-16.69770362319214, -49.41365272073321"
Setor,Alto do Vale, NOROESTE,"-16.614849884281984, -49.311453625608955"
Residencial,Anglo, NOROESTE,"-16.62258501793655, -49.21276726216575"
Bairro,da Vitoria, NOROESTE,"-16.60236353679064, -49.34633174819066"
,Barravento, NOROESTE,"-16.62890032760022, -49.199288572926605"
,Boa Vista, NOROESTE,"-16.58471527356267, -49.34157534819852"
,Residencial Brisas da Mata, NOROESTE,"-16.597011516415275, -49.311309534012516"
,Setor Candida de Morais, NOROESTE,"-16.64896638970328, -49.328695569779875"
,Chacaras Maria Dilce, NOROESTE,"-16.62214631010016, -49.30749622545374"
,Conjunto Primavera, NOROESTE,"-16.62888212478253, -49.3640661267081"
,Empresarial, NOROESTE,"-16.643606291607913, -49.31131827544601"
,Setor Estrela D'Alva, NOROESTE,"-16.592552006331825, -49.32252266198813"
,Vila Finsocial, NOROESTE,"-16.623659494910704, -49.31788681194656"
,Floresta, NOROESTE,"-16.588055149102374, -49.335695100668566"
,Fonte das aguas, NOROESTE,"-16.600836295876388, -49.37889398626336"
Residencial,Green Park, NOROESTE,"-16.615013371064116, -49.356376836363076"
Residencial,Jardim Belvedere, NOROESTE,"-16.6308029383013, -49.31004784304349"
Residencial,Jardim Camargo, NOROESTE,"-16.612395782796494, -49.34251727458944"
,Jardim Colorado, NOROESTE,"-16.630630970950605, -49.335472771089506"
,Jardim Curitiba, NOROESTE,"-16.605322278983014, -49.33585583647253"
,Jardim das Hortencias, NOROESTE,"-16.622457109980445, -49.33232401577682"
,Jardim das Rosas, NOROESTE,"-16.72934689801848, -49.39870326984421"
,Jardim Fonte Nova, NOROESTE,"-16.622467364700384, -49.312388509549066"
,Jardim Helou, NOROESTE,"-16.63125929079823, -49.34090463301202"
,Jardim Liberdade, NOROESTE,"-16.614731087734825, -49.34704622639221"
,Jardim Nova Esperanca, NOROESTE,"-16.643104606174862, -49.327919590314735"
,Jardim Vista Bela, NOROESTE,"-16.62869448635613, -49.33949140169598"
Residencial,Juscelino Kubitschek, NOROESTE,"-16.58553714588446, -49.35716772682973"
Residencial,Malibu, NOROESTE,"-16.640917561114343, -49.31167698013069"
Residencial,Mansoes Paraiso, NOROESTE,"-16.623587994475884, -49.34427372123037"
Chácaras,Mansoes Rosas de Ouro, NOROESTE,"-16.631255214208217, -49.328371826436246"
Setor,Maraba, NOROESTE,"-16.644637354391993, -49.31621070513725"
,Setor Morada do Sol, NOROESTE,"-16.61509610684592, -49.32221998738279"
,Noroeste, NOROESTE,"-16.638280986915596, -49.31837827651962"
,Setor Novo Planalto, NOROESTE,"-16.624387154297754, -49.346946535520345"
,Parque Maracana, NOROESTE,"-16.585864143216426, -49.3724757556254"
,Parque Santa Rita, NOROESTE,"-16.725451127223387, -49.3628923231704"
,Prive Norte, NOROESTE,"-16.686409126072, -49.270703684652936"
,Residencial Recanto do Bosque, NOROESTE,"-16.602296578258077, -49.3069020698901"
,Setor Parque Tremendao, NOROESTE,"-16.619096538566744, -49.33366355287933"
,Paulo Pacheco, NOROESTE,"-16.585984564195474, -49.322490690996"
,Recreio Panorama, NOROESTE,"-16.62838689138045, -49.30877277357485"
,Residencial Fortaleza, NOROESTE,"-16.60998864195625, -49.34323592897444"
,Residencial Maringa, NOROESTE,"-16.62587781719732, -49.329152548290445"
,Sao Carlos, NOROESTE,"-16.592925472439898, -49.34946310679201"
,Sao Domingos, NOROESTE,"-16.582995867087547, -49.33649314084579"
,Setor Estrela Dalva, NOROESTE,"-16.594937435010078, -49.32097770970068"
Chacaras de recreio,Sao Joaquim, NOROESTE,"-16.63765539808794, -49.34904253966418"
,Senador Albino Boaventura, NOROESTE,"-16.635707093484257, -49.31489757259837"
,Solange Parque, NOROESTE,"-16.69944924456935, -49.35559624462448"
,Solange Parque I, NOROESTE,"-16.69944924456935, -49.35559624462448"
,Solange Parque II, NOROESTE,"-16.703659008323225, -49.352565844765714"
,Solange Parque III, NOROESTE,"-16.705288835388778, -49.356841422740125"
Residencial,Terra Nova, NOROESTE,"-16.61038473546966, -49.34982563469528"
,Vila Mutirao, NOROESTE,"-16.617419446606103, -49.35354926346295"
,Vila Mutirao I, NOROESTE,"-16.617419446606103, -49.35354926346295"
,Vila Mutirao II, NOROESTE,"-16.612850103147903, -49.34755077626638"
,Residencial Marata, NOROESTE,"-16.699272667794887, -49.35440110342293"
,Chacaras Hellou, NOROESTE,"-16.627571930876318, -49.35173297301225"
,Alto da Gloria, SUL,"-16.71519067585305, -49.238469127644024"
,Setor Bela Vista, SUL,"-16.714932328447652, -49.26157543061435"
,Setor Bueno, SUL,"-16.70229178078748, -49.275023185695595"
,Jardim America, SUL,"-16.71237295812507, -49.28720664138471"
,Jardim das Esmeraldas, SUL,"-16.71896705114178, -49.25766361747657"
,Jardim Goias, SUL,"-16.697688905894996, -49.23894308422201"
,Jardim Santo Antonio, SUL,"-16.729138531696982, -49.25778308910869"
Vila,Jardim Vitoria, SUL,"-16.72021262209085, -49.21442117771542"
,Setor Marista, SUL,"-16.70035243742943, -49.2620344928298"
,Nova Suiça, SUL,"-16.712355065436707, -49.27535720026282"
,Setor Oeste, SUL,"-16.684809286523006, -49.27067105503527"
,Parque Amazonia, SUL,"-16.729250023828143, -49.27855274927003"
,Setor Pedro Ludovico, SUL,"-16.71347286907488, -49.25536424815215"
,Serrinha, SUL,"-16.719914367576344, -49.267878944173916"
,Setor dos Afonsos, SUL,"-16.740709501538035, -49.270196587340806"
,Vila Americano do Brasil, SUL,"-16.68792622210379, -49.28765734703509"
,Vila Divino Pai Eterno, SUL,"-16.728402198997568, -49.27033275666238"
,Vila Maria Jose, SUL,"-16.712232276210486, -49.23783174680731"
,Vila Redençao, SUL,"-16.72119455655592, -49.244168994736995"
,Vila Santa Efigenia, SUL,"-16.68995905535526, -49.2903347475997"
,Vila Sao Joao, SUL,"-16.70684430424399, -49.242539648564986"
,Vila Sao Tomaz, SUL,"-16.744970898042666, -49.27818882143502"
,Vila Teofilo Neto, SUL,"-16.69372582844302, -49.28903181293797"
Residencial,14 Bis, OESTE,"-16.65297658712265, -49.351445255114456"
,Alto Boa Vista, OESTE,"-16.64373148522035, -49.304832667865774"
,Ana Moraes, OESTE,"-16.706624185139784, -49.287165230410764"
,Araguaia Park, OESTE,"-16.698300537414013, -49.35395172911131"
,Bairro das Naçoes, OESTE,"-16.679192982095305, -49.378752391901266"
Setor,Barra da Tijuca, OESTE,"-16.657222187141233, -49.35878949431162"
Residencial,Beatriz Nascimento, OESTE,"-16.697319757100395, -49.378580862781256"
Residencial,Bosque dos Buritis, OESTE,"-16.62682440695713, -49.356277016524245"
,Buena Vista, OESTE,"-16.72938192448557, -49.396467545751655"
,Capuava, OESTE,"-16.656939610800734, -49.322248933338"
,Capuava Residencial Prive, OESTE,"-16.68426624130441, -49.395963093897215"
,Carla Cristina, OESTE,"-16.630966948774258, -49.35525517839801"
,Carolina Parque, OESTE,"-16.69305167693681, -49.37151245497764"
Residencial,Celina Parque, OESTE,"-16.71162686556088, -49.32197549076362"
,Chacara Anhanguera, OESTE,"-16.709760655524022, -49.36585301109337"
,Chacara Buritis, OESTE,"-16.71441176728588, -49.37280557089268"
,Chacara Maringa, OESTE,"-16.662278590546023, -49.3653659107664"
,Chacara Santa Rita, OESTE,"-16.707141727884057, -49.33624825264173"
,Chacara Sao Jose, OESTE,"-16.62166511105281, -49.299230376706596"
Residencial,Cidade Verde, OESTE,"-16.67179598567455, -49.33416076692219"
,Condominio do Lago, OESTE,"-16.662639367934464, -49.37263317772673"
,Conjunto Anhanguera, OESTE,"-16.728194857978835, -49.24036821632033"
,Conjunto Vera Cruz, OESTE,"-16.675796217187, -49.40917511050657"
,Costa Verde, OESTE,"-16.690873940058808, -49.361995345189655"
,Della Pena, OESTE,"-16.716908640343455, -49.38162325992932"
,Dezopi, OESTE,"-16.658453655695006, -49.36841088992989"
,Dom Rafael, OESTE,"-16.697864524344304, -49.34208257090041"
,Goia, OESTE,"-16.6886075454832, -49.334486672017995"
,Residencial Goiania Viva, OESTE,"-16.697199562307052, -49.34872160168859"
Residencial,Goyaz Park, OESTE,"-16.70596762628783, -49.37834230225955"
,Ipiranga, OESTE,"-16.662059110061968, -49.327062907550975"
,Residencial Portal dos Ipes, OESTE,"-16.639829252085466, -49.34788373103951"
,Jardim Aritana, OESTE,"-16.718667570853576, -49.373224747546374"
,Jardim Bonanza, OESTE,"-16.65635180589974, -49.35440030965309"
,Jardim Botanico, OESTE,"-16.729487532052396, -49.380161492499916"
,Jardim Clarissa, OESTE,"-16.658252679220954, -49.34634167868901"
,Jardim das Oliveiras, OESTE,"-16.70141477876713, -49.36364693863471"
,Jardim das Rosas, OESTE,"-16.73126370899867, -49.40051068528317"
,Jardim Imperial, OESTE,"-16.684228199347096, -49.36993005085421"
,Jardim Leblon, OESTE,"-16.67151057900821, -49.32234259336972"
,Jardim Leblon II, OESTE,"-16.677368595915116, -49.32415605320731"
,Jardim Marques de Abreu, OESTE,"-16.71447763630566, -49.36843487883487"
,Jardim Mirabel, OESTE,"-16.685637962464376, -49.33707282543142"
,Jardim Novo Petropolis, OESTE,"-16.655615398948278, -49.34392391749012"
,Jardim Real, OESTE,"-16.65238826545577, -49.377698812660526"
,Jardim Sao Jose, OESTE,"-16.695732796433205, -49.41110018562047"
,Jardins do Cerrado, OESTE,"-16.66508221417079, -49.429585339106616"
,Jardins do Cerrado I, OESTE,"-16.665061951681647, -49.41397033778996"
,Jardins do Cerrado II, OESTE,"-16.672894308547605, -49.41458923256593"
,Jardins do Cerrado III, OESTE,"-16.66773283297883, -49.42170994873685"
,Jardins do Cerrado IV, OESTE,"-16.665717260757066, -49.43035476315371"
,Jardins do Cerrado V, OESTE,"-16.66985354171366, -49.44124742276558"
,Jardins do Cerrado VI, OESTE,"-16.67256749277321, -49.43525305799538"
,Jardins do Cerrado VII, OESTE,"-16.674294459528234, -49.43935589715973"
,Jardins do Cerrado X, OESTE,"-16.681463965439566, -49.44111901956194"
,Vila Joao Vaz, OESTE,"-16.651987574883428, -49.30948854321382"
,Junqueira, OESTE,"-16.659370101179434, -49.37894484869111"
,Lorena Parque, OESTE,"-16.696533610464368, -49.35971076278143"
Residencial,Lirios do Campo, OESTE,"-16.700184207757655, -49.41376582486889"
Residencial,London Park, OESTE,"-16.648307037313433, -49.3583551167615"
,Luana Park, OESTE,"-16.69646441643966, -49.362534917754815"
,Maysa, OESTE,"-16.631066316147493, -49.38794090166589"
,Maysa Extensao, OESTE,"-16.615769033415415, -49.39437820286364"
,Monte Pascoal, OESTE,"-16.69392409161973, -49.402243115341314"
,Jardim Mundo Novo, OESTE,"-16.67787552395491, -49.217704817930546"
Residencial,Nova Aurora, OESTE,"-16.68638667091809, -49.37222324459061"
,Nunes de Morais, OESTE,"-16.700121093863384, -49.342611437259485"
,Jardim Petropolis, OESTE,"-16.66101797881183, -49.33524673588369"
Residencial,Park Solar, OESTE,"-16.62516939663671, -49.359149863893684"
,Parque Bom Jesus, OESTE,"-16.702738858394856, -49.40185940157536"
,Parque Buriti, OESTE,"-16.649330536748657, -49.385056263373876"
,Parque Eldorado Oeste, OESTE,"-16.688146245247587, -49.40887717089189"
,Parque Industrial Joao Braz, OESTE,"-16.684675134649893, -49.35461856825457"
,Parque Industrial Paulista, OESTE,"-16.656094839879273, -49.337125914076566"
,Parque Mendanha, OESTE,"-16.671249309564082, -49.335785212211825"
,Parque Oeste, OESTE,"-16.69432490405061, -49.332006220889895"
,Parque Paraiso, OESTE,"-16.70293342417321, -49.355947055975186"
,Pilar dos Sonhos, OESTE,"-16.656554006668472, -49.37083033992991"
Residencial,Ponta Negra, OESTE,"-16.713184999794997, -49.36286025908536"
,Quinta da Boa Vista, OESTE,"-16.84109127756067, -49.355182205957746"
,Residencial Recanto das Garças, OESTE,"-16.642833749003568, -49.385975343624686"
Chácaras,Recreio Sao Joaquim, OESTE,"-16.638300655802695, -49.347538930988875"
,Residencial Mendanha, OESTE,"-16.683637624497862, -49.371685503423535"
,Residencial Nossa Senhora Auxiliadora, OESTE,"-16.7023651636349, -49.41633692609645"
,Residencial Petropolis, OESTE,"-16.65546776348743, -49.345069328779395"
,Residencial Portinari, OESTE,"-16.6800223630335, -49.372883139479015"
,Residencial Primavera, OESTE,"-16.681355384215898, -49.392820301698855"
,Residencial Real, OESTE,"-16.779789442842475, -49.3877723138385"
,Residencial Santa Maria, OESTE,"-16.6770881877461, -49.32889785395199"
Condominio,Rio Branco, OESTE,"-16.717716731369496, -49.395153453945575"
,San Marino, OESTE,"-16.686834562600144, -49.368103683824664"
,Sao Bernardo, OESTE,"-16.579730230149913, -49.3986069384472"
,Sao Francisco, OESTE,"-16.66658848217045, -49.333253986868236"
Chácaras de recreio,Sao Joaquim, OESTE,"-16.638920047271363, -49.34749753510834"
,Sao Marcos, OESTE,"-16.70232266907637, -49.37527343281523"
,Santa Rita, OESTE,"-16.72581354961747, -49.36298357570715"
,Santos Dumont, OESTE,"-16.651043436056487, -49.33772930939659"
,Serra Azul, OESTE,"-16.681441192497516, -49.34451159346539"
,Solange Parque, OESTE,"-16.697486781407108, -49.35507438404209"
,Solange Parque I, OESTE,"-16.697486781407108, -49.35507438404209"
Residencial,Solar Ville, OESTE,"-16.63022985997667, -49.36232603248614"
Residencial,Tempo Novo, OESTE,"-16.65057495157171, -49.38374332017445"
Residencial,Tuzimoto, OESTE,"-16.679290673610435, -49.370408227007864"
Loteamento,Tropical Verde, OESTE,"-16.686997740297155, -49.34387680965447"
,Tropical Ville, OESTE,"-16.652859072691058, -49.38050022487994"
,Vila Regina, OESTE,"-16.657455036322247, -49.33704537300574"
,Vila Rizzo, OESTE,"-16.723441356852405, -49.37954014803152"
,Village Maringa, OESTE,"-16.662160156780338, -49.36271008702521"
Residencial,Jardim Bella Vitta, OESTE,"-16.635561719672417, -49.38029948650598"
Condomínio,Jardim das orquideas, OESTE,"-16.712784816044184, -49.37072680896445"
,Jardim Pampulha, OESTE,"-16.67405489329342, -49.334070280568554"
,Setor das nacoes extensao, OESTE,"-16.685110619872724, -49.38239676065334"
Residencial,Ytapua, OESTE,"-16.685479465794348, -49.39373508322537"
,agua Branca, LESTE,"-16.693331459401428, -49.22897461528022"
,Residencial Aldeia do Vale, LESTE,"-16.61192912557137, -49.193939949776436"
,Alphaville Flamboyant, LESTE,"-16.715107848469085, -49.20211498595259"
Residencial,Arco Verde, LESTE,"-16.74569583065384, -49.19035621451621"
Residencial,Aruana, LESTE,"-16.696669774083336, -49.196282829060586"
Residencial,Aruana I, LESTE,"-16.696669774083336, -49.196282829060586"
Residencial,Aruana II, LESTE,"-16.694252310570374, -49.20154599196066"
Residencial,Aruana III, LESTE,"-16.68232417697916, -49.20347202923053"
Residencial,Aruana Park, LESTE,"-16.693076175687754, -49.198943868105104"
Residencial,Bairro Feliz, LESTE,"-16.65845150009799, -49.22704129154191"
Residencial,Belo Horizonte, LESTE,"-16.640973283054546, -49.184899680412286"
Residencial,Brisas do Cerrado, LESTE,"-16.75675305967143, -49.19391674261919"
Residencial,Carlos de Freitas, LESTE,"-16.65413980532208, -49.207401116177905"
Residencial,Clea Borges, LESTE,"-16.696177519321683, -49.203424227782676"
,Conjunto Anhanguera, LESTE,"-16.72826328111931, -49.24018513607218"
,Costa Paranhos, LESTE,"-16.649774374659575, -49.17338094821064"
,Chacara Botafogo, LESTE,"-16.667803364340752, -49.211665146923536"
,Chacara do Governador, LESTE,"-16.7278740928957, -49.21583635394003"
,Colonia Santa Marta, LESTE,"-16.686471824012198, -49.192094352060195"
,Conjunto Caiçara, LESTE,"-16.660005343854525, -49.21599503933438"
,Conjunto Fabiana, LESTE,"-16.733489125326674, -49.21961193223266"
,Conjunto Palmares, LESTE,"-16.6513665338049, -49.21131964431218"
,Conjunto Riviera, LESTE,"-16.689474206834802, -49.21506647659721"
,Goiânia Golfe Clube, LESTE,"-16.74683162682008, -49.16782088808061"
,Grande Retiro, LESTE,"-16.66509206789946, -49.18107677146192"
,Chacaras Retiro, LESTE,"-16.62352994381685, -49.26841374547487"
,Housing Flamboyant, LESTE,"-16.716638759478844, -49.20332026294047"
,Irisville, LESTE,"-16.638600851204195, -49.158699860498835"
,Irisville I, LESTE,"-16.638600851204195, -49.158699860498835"
,Irisville II, LESTE,"-16.64026614213033, -49.161274780977934"
,Jardim Abaporu, LESTE,"-16.654047900879267, -49.18482689400512"
,Jardim Atenas, LESTE,"-16.594438162848522, -49.345213271062555"
,Jardim Bela Vista, LESTE,"-16.73755846417673, -49.23490763432691"
,Jardim Brasil, LESTE,"-16.692123202314566, -49.20926994024423"
,Jardim California, LESTE,"-16.675639480215388, -49.19475473394987"
,Jardim California Industrial, LESTE,"-16.67133692697487, -49.20026491478893"
,Jardim Conquista, LESTE,"-16.666687172019774, -49.19350865472847"
,Jardim da Luz, LESTE,"-16.72435604582673, -49.23597948337059"
,Jardim das Aroeiras, LESTE,"-16.663602646038772, -49.20026143574492"
,Jardim Dom Fernando, LESTE,"-16.662886937389835, -49.19396486896098"
,Jardim Dom Fernando I, LESTE,"-16.664887954631, -49.18930830967334"
,Jardim Dom Fernando II, LESTE,"-16.666812891293702, -49.19366900887296"
,Jardim Lajeado, LESTE,"-16.64558124322217, -49.1900410630672"
,Jardim Maria Helena, LESTE,"-16.655766438874405, -49.18348827122119"
,Jardim Mariliza, LESTE,"-16.73484752289962, -49.20340026968224"
,Jardim Novo Mundo, LESTE,"-16.67951046008829, -49.218854918743524"
,Jardim Paris, LESTE,"-16.72956404117258, -49.20533151098619"
,Jardim Santa Cecilia, LESTE,"-16.768814777258207, -49.256332675266066"
,Jardim Valencia, LESTE,"-16.725054061107222, -49.2085904210331"
,Jardim Verona, LESTE,"-16.71959611159383, -49.21326672399616"
,Jardim Vitoria, LESTE,"-16.718551535370835, -49.213499444381235"
,Jardim Vitoria II, LESTE,"-16.740614810747548, -49.20751707704688"
,Jardins Milao, LESTE,"-16.725975628924058, -49.203320681817424"
,Jardins Munique, LESTE,"-16.720581985088618, -49.20254856941553"
,Lucy Pinheiro, LESTE,"-16.65386198410682, -49.17465180342393"
Sítios de recreio,Mansoes Bernardo Sayao, LESTE,"-16.60916735354159, -49.20245624801044"
Residencial,Mar del Plata, LESTE,"-16.66438128959106, -49.17872106334702"
Condomínio,Monte Verde, LESTE,"-16.62102735615789, -49.19102431507137"
,Park Lozandes, LESTE,"-16.69840061518135, -49.22442318421244"
,Parque Acalanto, LESTE,"-16.742693575663186, -49.21546546931737"
,Parque Atheneu, LESTE,"-16.74473652195209, -49.19752071406464"
,Parque das Amendoeiras, LESTE,"-16.655475999873268, -49.19428220837619"
,Parque das Laranjeiras, LESTE,"-16.726325579713187, -49.225557640198325"
Residencial,Parque Flamboyant, LESTE,"-16.7037674248709, -49.234088267577285"
,Parque Santa Cruz, LESTE,"-16.73277020721311, -49.2224853564315"
,Parque Santa Maria, LESTE,"-16.694705633010958, -49.20136286520617"
Residencial,Paulo Estrela, LESTE,"-16.644211925481418, -49.179113374588624"
Condomínio,Portal do Sol, LESTE,"-16.712394175436486, -49.188200155068586"
Condomínio,Portal do Sol II, LESTE,"-16.71906979678742, -49.18221017812422"
Condomínio,Prive dos Girassois, LESTE,"-16.714237488886457, -49.22194480795209"
,Setor Recanto das Minas Gerais, LESTE,"-16.64411019878916, -49.18617324372506"
,Residencial Havai, LESTE,"-16.65047518279629, -49.20328846368556"
,Residencial Olinda, LESTE,"-16.68599644877072, -49.20014919061465"
,Residencial Ouro Preto, LESTE,"-16.635857256620877, -49.19175804146259"
,Residencial Portugues, LESTE,"-16.620820903381297, -49.300741870995616"
,Rio Jordao, LESTE,"-16.641692370378003, -49.18156634826673"
,Santo Hilario, LESTE,"-16.64982614498717, -49.19271713487336"
,Santo Hilario I, LESTE,"-16.64982614498717, -49.19271713487336"
,Santo Hilario II, LESTE,"-16.6474644377537, -49.190554261849826"
,Sao Leopoldo, LESTE,"-16.652095902423763, -49.17828798395805"
,Senador Paranhos, LESTE,"-16.65723033202764, -49.186064667042245"
Residencial,Serra Park, LESTE,"-16.672780929977275, -49.20377933313631"
Residencial,Sonho Dourado, LESTE,"-16.65699108924623, -49.19925025880893"
Residencial,Sonho Verde, LESTE,"-16.68813424927107, -49.21293907840482"
Loteamento,Tupinamba dos Reis, LESTE,"-16.63139049744334, -49.28240730187083"
,Vale das Brisas, LESTE,"-16.714023465553954, -49.078015279704"
,Vale do Araguaia, LESTE,"-16.680389110461583, -49.20439687045237"
,Vila Alto da Gloria, LESTE,"-16.718116375132617, -49.233263564055"
,Vila Bandeirantes, LESTE,"-16.67076620619561, -49.2274387527056"
,Vila Concordia, LESTE,"-16.66126032516313, -49.185915514637344"
,Vila Legionarias, LESTE,"-16.730669781352137, -49.23234797087492"
,Vila Maria Luiza, LESTE,"-16.68657629797154, -49.22200188459089"
,Vila Martins, LESTE,"-16.673189348245085, -49.20747122436802"
,Vila Matilde, LESTE,"-16.652839853371816, -49.18308355556261"
,Vila Morais, LESTE,"-16.664169573148044, -49.22234155724818"
,Vila Pedroso, LESTE,"-16.65652659045169, -49.17714357885455"
,Vila Romana, LESTE,"-16.620422185713604, -49.25995783453191"
,Montes claros, LESTE,"-16.63538809519618, -49.183566967202985"
Residencial,Ville de France, LESTE,"-16.742696960261163, -49.18950537087307"
,Alphaville Residencial, SUDOESTE,"-16.72937882166989, -49.375238641973795"
,Alto Oriente, SUDOESTE,"-16.753631167570635, -49.36251498449549"
,Amin Camargo, SUDOESTE,"-16.76753111714882, -49.36579784843412"
,Ana Clara, SUDOESTE,"-16.780143920280935, -49.36420351305554"
,Andreia, SUDOESTE,"-16.79988221508705, -49.3657968003751"
,Parque Anhanguera, SUDOESTE,"-16.72527426258973, -49.29552224879154"
,Parque Anhanguera I, SUDOESTE,"-16.724032159286622, -49.29918864686236"
,Parque Anhanguera II, SUDOESTE,"-16.72575049135994, -49.30779276562914"
Residencial,Atibaia, SUDOESTE,"-16.76914298234592, -49.36747436900515"
Conjunto Residencial,Baliza, SUDOESTE,"-16.773536168561638, -49.36026866479441"
,Bonanza, SUDOESTE,"-16.657315926199903, -49.353883661462206"
,Bosque Sumare, SUDOESTE,"-16.72627171199643, -49.29595202707635"
,Brasil Central, SUDOESTE,"-16.723716416606877, -49.35241143739345"
Conjunto Residencial,Cachoeira Dourada, SUDOESTE,"-16.72629194052247, -49.326943308351936"
Residencial,Campos Dourados, SUDOESTE,"-16.79965384292251, -49.36598970360589"
Residencial,Celina Park, SUDOESTE,"-16.711462454378427, -49.32210423678757"
Residencial,Center Ville, SUDOESTE,"-16.752784002146957, -49.34201708522155"
,Condominio das Esmeraldas, SUDOESTE,"-16.78455822565984, -49.355381324018474"
,Portal do Oriente, SUDOESTE,"-16.762259477836842, -49.367804313996714"
,Cristina, SUDOESTE,"-16.75821233562394, -49.37170040613002"
Chácaras,Dona Ge, SUDOESTE,"-16.706201024224487, -49.32107631691668"
,Residencial Eldorado, SUDOESTE,"-16.70817385258975, -49.32676406110755"
,Eli Forte, SUDOESTE,"-16.73285269030205, -49.352278115175515"
,Faicalville, SUDOESTE,"-16.74038366117217, -49.31748676405989"
Residencial,Forteville, SUDOESTE,"-16.746315828848502, -49.372271689323846"
Setor,Garavelo, SUDOESTE,"-16.748921751700397, -49.35497965178741"
Setor,Garavelo B, SUDOESTE,"-16.75659757749519, -49.344961828794965"
,Grajaú, SUDOESTE,"-16.76188221882323, -49.366244527413684"
,Residencial Granville, SUDOESTE,"-16.715313703552965, -49.32839972728366"
,Jardim Alvaphille, SUDOESTE,"-16.734495660350532, -49.379716721856"
,Jardim Atlantico, SUDOESTE,"-16.73355754903269, -49.29194723488563"
,Jardim Ana Lucia, SUDOESTE,"-16.699874929202895, -49.3118195600854"
,Jardim Caravelas, SUDOESTE,"-16.755577295833664, -49.3519273731199"
,Jardim Eli Forte, SUDOESTE,"-16.734925212978336, -49.34908589362274"
,Jardim Europa, SUDOESTE,"-16.71600523621815, -49.30669553635461"
,Jardim Florenca, SUDOESTE,"-16.72498413702508, -49.313360486072334"
,Jardim Gardenia, SUDOESTE,"-16.74300749265648, -49.37967508964664"
,Jardim Ipanema, SUDOESTE,"-16.78951775792183, -49.24537392198266"
,Jardim Itaipú, SUDOESTE,"-16.779885267939395, -49.36008613068263"
,Jardim Madri, SUDOESTE,"-16.74900953228281, -49.344461062218954"
,Jardim Planalto, SUDOESTE,"-16.715455146474614, -49.3061235919594"
,Jardim Presidente, SUDOESTE,"-16.736505829251595, -49.337237098144776"
,Jardim Sonia Maria, SUDOESTE,"-16.72988753637491, -49.331361347598836"
,Jardim Tancredo Neves, SUDOESTE,"-16.72762488685271, -49.333534228682936"
,Jardim Vila Boa, SUDOESTE,"-16.72994272346897, -49.31738281871824"
,Jardins Lisboa, SUDOESTE,"-16.77146947387866, -49.35464744759801"
,Madre Germana, SUDOESTE,"-16.836072256565537, -49.365587044139296"
Conjunto Habitacional,Madre Germana I, SUDOESTE,"-16.836072256565537, -49.365587044139296"
Conjunto Habitacional,Madre Germana II, SUDOESTE,"-16.814546965017247, -49.375554077583956"
Setor,Maria Celeste, SUDOESTE,"-16.76571234290661, -49.35107236450537"
,Moinho dos Ventos, SUDOESTE,"-16.729389784383756, -49.34730401929726"
Residencial,Monte Carlo, SUDOESTE,"-16.726277345809713, -49.33687618579067"
Setor,Novo Horizonte, SUDOESTE,"-16.71905833937266, -49.31607762060785"
Setor,Orientville, SUDOESTE,"-16.74760735202872, -49.356943316168135"
,Parque Anhanguera, SUDOESTE,"-16.725214422648655, -49.295205626818834"
,Parque Oeste Industrial, SUDOESTE,"-16.694072724895804, -49.33133637946768"
,Parque Santa Rita, SUDOESTE,"-16.725368927607267, -49.36229150839195"
,Porto Seguro, SUDOESTE,"-16.71204310460824, -49.334883097438734"
,Prive Atlântico, SUDOESTE,"-16.73869748254372, -49.30561182883533"
,Prive Ilhas do Caribe, SUDOESTE,"-16.711668765310698, -49.26744340526998"
,Real Conquista, SUDOESTE,"-16.781280788614357, -49.38633188278823"
Loteamento,Recanto das Emas, SUDOESTE,"-16.73820558699142, -49.367300972739464"
,Recreio do Funcionario Publico, SUDOESTE,"-16.71185353948626, -49.33889165438067"
,Residencial Barcelona, SUDOESTE,"-16.746613563323276, -49.340991055568814"
,Residencial Canada, SUDOESTE,"-16.72081102816216, -49.318127420880316"
,Residencial Eldorado, SUDOESTE,"-16.707978355712523, -49.32723618225038"
,Residencial Fidelis, SUDOESTE,"-16.744499749816356, -49.3683840818132"
,Residencial Flamingo, SUDOESTE,"-16.74036365113262, -49.33051980154471"
,Residencial Florida, SUDOESTE,"-16.717184430735447, -49.347871951695794"
,Residencial Itaipú, SUDOESTE,"-16.785305836849403, -49.36725081738525"
,Residencial Katia, SUDOESTE,"-16.737161835400787, -49.36149682061081"
,Residencial Porto dourado I, SUDOESTE,"-16.795888798362963, -49.36071110276751"
,Residencial Porto dourado II, SUDOESTE,"-16.795164664004844, -49.36233837217544"
,Residencial Porto dourado III, SUDOESTE,"-16.79435323862339, -49.363636561250324"
,Residencial Manhattan, SUDOESTE,"-16.706434645439376, -49.297437999820765"
,Residencial Sevilha, SUDOESTE,"-16.743535525259432, -49.34264908846085"
,Residencial Talisma, SUDOESTE,"-16.740243298057802, -49.35272165908301"
,Residencial Aquarios, SUDOESTE,"-16.725524565447984, -49.331136338239865"
,Residencial Aquarios II, SUDOESTE,"-16.72659315682122, -49.329376809245794"
,Rio Formoso, SUDOESTE,"-16.722088793758616, -49.33334614473646"
,Rio Verde, SUDOESTE,"-16.736789189419742, -49.36887159374201"
,Santa Fe, SUDOESTE,"-16.752398048242316, -49.30246773850234"
,Santa Fe I, SUDOESTE,"-16.751089856518664, -49.38007859099499"
,Santa Rita, SUDOESTE,"-16.734899915114, -49.34107801348644"
,Santa Rita V, SUDOESTE,"-16.728571091755303, -49.33900093275199"
,Santa Rita VII, SUDOESTE,"-16.734668045195594, -49.33745006553556"
,Setor dos Dourados, SUDOESTE,"-16.767483416662966, -49.35138140789185"
,Solar Bougainville, SUDOESTE,"-16.731258397588448, -49.360287110637486"
,Solar Santa Rita, SUDOESTE,"-16.71901533561599, -49.35999347442613"
,Setor Sudoeste, SUDOESTE,"-16.69298887070902, -49.29830080370315"
,Tres Marias, SUDOESTE,"-16.739201223406265, -49.330838222562775"
,Ulisses Guimaraes, SUDOESTE,"-16.729848164004768, -49.33379548225755"
,Setor Uniao, SUDOESTE,"-16.70271750253648, -49.31202170800282"
,Vereda dos Buritis, SUDOESTE,"-16.71987210255951, -49.34423543384792"
,Vila Adelia, SUDOESTE,"-16.687764821882855, -49.32400716833944"
,Vila Alpes, SUDOESTE,"-16.701012635507382, -49.296638457234124"
,Vila Alvorada, SUDOESTE,"-16.70619957075438, -49.30913297160914"
,Vila Anchieta, SUDOESTE,"-16.693002523759272, -49.31342244262012"
,Vila Bela, SUDOESTE,"-16.70722103066745, -49.299656355391384"
,Vila Luciana, SUDOESTE,"-16.70755630534026, -49.3332406970302"
,Vila Lucy, SUDOESTE,"-16.690670129157333, -49.31049862541235"
,Vila Maua, SUDOESTE,"-16.70206144159512, -49.31551510954935"
,Vila Rosa, SUDOESTE,"-16.743737211484238, -49.29474394471345"
,Vila Rezende, SUDOESTE,"-16.71993256941113, -49.30573816193299"
,Vila Santa Rita, SUDOESTE,"-16.67919440513006, -49.32048705724225"
,Vila Sao Paulo, SUDOESTE,"-16.655253599200726, -49.29678818210228"
,Village Green Park, SUDOESTE,"-16.725989472254337, -49.29602313986609"
,Village Santa Rita, SUDOESTE,"-16.721969038710686, -49.36336879393142"
,Village Santa Rita IV, SUDOESTE,"-16.68565645068155, -49.39347990527047"
,Condominio Anhanguera, SUDOESTE,"-16.7151940795216, -49.362618317483275"
